<hibernate-configuration>
    <session-factory>
        <!-- DB settings -->
        <property name="hibernate.connection.driver_class">org.postgresql.Driver</property>
        <property name="hibernate.connection.url">jdbc:postgresql://localhost:5432/colabDB</property>
        <property name="hibernate.connection.username">postgres</property>
        <property name="hibernate.connection.password">postgres</property>

        <!-- Hibernate settings -->
        <property name="hibernate.dialect">org.hibernate.dialect.PostgreSQLDialect</property>
        <property name="hibernate.show_sql">true</property>
        <property name="hibernate.hbm2ddl.auto">update</property>

        <!-- Entity Mapping -->
        <mapping class="model.User"/>
    </session-factory>
</hibernate-configuration>
